name;brand;category;mst_range_min;mst_range_max;sensitivity_flags;product-url;img-url;price
Skin Tone Bandages - Beige;Tru-Colour;bandages;1;3;latex-free;https://schoolnursesupplyinc.com/products/tru-colour-skin-tone-flexible-fabric-adhesive-bandages;https://cdn.shopify.com/s/files/1/0613/9704/1225/files/30313.jpg;$10.99
Skin Tone Bandages - Olive;Tru-Colour;bandages;4;6;latex-free;https://schoolnursesupplyinc.com/products/tru-colour-skin-tone-flexible-fabric-adhesive-bandages;https://cdn.shopify.com/s/files/1/0613/9704/1225/files/30217.jpg;$4.09
Skin Tone Bandages - Brown;Tru-Colour;bandages;7;8;latex-free;https://schoolnursesupplyinc.com/products/tru-colour-skin-tone-flexible-fabric-adhesive-bandages;https://cdn.shopify.com/s/files/1/0613/9704/1225/files/30218.jpg;$4.09
Skin Tone Bandages - Dark Brown;Tru-Colour;bandages;9;10;latex-free;https://schoolnursesupplyinc.com/products/tru-colour-skin-tone-flexible-fabric-adhesive-bandages;https://cdn.shopify.com/s/files/1/0613/9704/1225/files/30219.jpg;$4.09
OurTone Flexible Fabric Bandages - BR45;Band-Aid;bandages;5;6;;https://www.band-aid.com/products/adhesive-bandages/ourtone-adhesive-bandages;https://m.media-amazon.com/images/I/81sQuRW8LVL._AC_SL1500_.jpg;€8.99
OurTone Flexible Fabric Bandages - BR55;Band-Aid;bandages;7;8;;https://www.band-aid.com/products/adhesive-bandages/ourtone-adhesive-bandages?q=br55,-30-count;https://m.media-amazon.com/images/I/91xaMOtjluL._AC_SL1500_.jpg;€8.99
OurTone Flexible Fabric Bandages - BR65;Band-Aid;bandages;9;10;;https://www.band-aid.com/products/adhesive-bandages/ourtone-adhesive-bandages?q=br65,-30-count;https://m.media-amazon.com/images/I/71MEFNAt87L._AC_SL1500_.jpg;€8.99
Pro Filt'r Soft Matte Longwear Foundation 100;Fenty Beauty;foundation;1;1;;https://fentybeauty.com/products/pro-filtr-soft-matte-longwear-foundation-100;https://cdn.shopify.com/s/files/1/0341/3458/9485/products/FB30006_FB0100_alt1.jpg;€39.90
Pro Filt'r Soft Matte Longwear Foundation 150;Fenty Beauty;foundation;2;3;;https://fentybeauty.com/products/pro-filtr-soft-matte-longwear-foundation-150;https://cdn.shopify.com/s/files/1/0341/3458/9485/products/FB30006_FB0150_alt1.jpg;€39.90
Pro Filt'r Soft Matte Longwear Foundation 240;Fenty Beauty;foundation;4;4;;https://fentybeauty.com/products/pro-filtr-soft-matte-longwear-foundation-240;https://cdn.shopify.com/s/files/1/0341/3458/9485/products/FB30006_FB0240_alt1.jpg;€39.90
Pro Filt'r Soft Matte Longwear Foundation 280;Fenty Beauty;foundation;5;5;;https://fentybeauty.com/products/pro-filtr-soft-matte-longwear-foundation-280;https://cdn.shopify.com/s/files/1/0341/3458/9485/products/FB30006_FB0280_alt1.jpg;€39.90
Pro Filt'r Soft Matte Longwear Foundation 350;Fenty Beauty;foundation;6;6;;https://fentybeauty.com/products/pro-filtr-soft-matte-longwear-foundation-350;https://cdn.shopify.com/s/files/1/0341/3458/9485/products/FB31006_FB0350_alt1.jpg;€39.90
Pro Filt'r Soft Matte Longwear Foundation 450;Fenty Beauty;foundation;7;8;;https://fentybeauty.com/products/pro-filtr-soft-matte-longwear-foundation-450;https://cdn.shopify.com/s/files/1/0341/3458/9485/products/FB31006_FB0450_alt1.jpg;€39.90
Pro Filt'r Soft Matte Longwear Foundation 470;Fenty Beauty;foundation;8;9;;https://fentybeauty.com/products/pro-filtr-soft-matte-longwear-foundation-470;https://cdn.shopify.com/s/files/1/0341/3458/9485/products/FB31006_FB0470_alt1.jpg;€39.90
Pro Filt'r Soft Matte Longwear Foundation 480;Fenty Beauty;foundation;9;9;;https://fentybeauty.com/products/pro-filtr-soft-matte-longwear-foundation-480;https://cdn.shopify.com/s/files/1/0341/3458/9485/products/FB31006_FB0480_alt1.jpg;€39.90
Pro Filt'r Soft Matte Longwear Foundation 498;Fenty Beauty;foundation;10;10;;https://fentybeauty.com/products/pro-filtr-soft-matte-longwear-foundation-498;https://cdn.shopify.com/s/files/1/0341/3458/9485/products/44763_Foundation_Concrete_Open_1200x1500_RGB_498.jpg;€39.90
Radiant Creamy Concealer - Chantilly;NARS;concealer;1;1;;https://www.johnlewis.com/nars-radiant-creamy-concealer/chantilly/p423638;https://media.johnlewiscontent.com/i/JohnLewis/231916999;£29.50
Radiant Creamy Concealer - Vanilla;NARS;concealer;1;2;;https://www.johnlewis.com/nars-radiant-creamy-concealer/vanilla/p423638;https://media.johnlewiscontent.com/i/JohnLewis/231916973;£29.50
Radiant Creamy Concealer - Custard;NARS;concealer;3;4;;https://www.johnlewis.com/nars-radiant-creamy-concealer/custard/p423638;https://media.johnlewiscontent.com/i/JohnLewis/231916972;£29.50
Radiant Creamy Concealer - Ginger;NARS;concealer;4;5;;https://www.johnlewis.com/nars-radiant-creamy-concealer/ginger/p423638;https://media.johnlewiscontent.com/i/JohnLewis/231917000;£29.50
Radiant Creamy Concealer - Caramel;NARS;concealer;5;6;;https://www.johnlewis.com/nars-radiant-creamy-concealer/caramel/p423638;https://media.johnlewiscontent.com/i/JohnLewis/231916996;£29.50
Radiant Creamy Concealer - Amande;NARS;concealer;6;7;;https://www.johnlewis.com/nars-radiant-creamy-concealer/amande/p423638;https://media.johnlewiscontent.com/i/JohnLewis/231916970;£29.50
Radiant Creamy Concealer - Cacao;NARS;concealer;8;9;;https://www.johnlewis.com/nars-radiant-creamy-concealer/cacao/p423638;https://media.johnlewiscontent.com/i/JohnLewis/231916979;£29.50
Radiant Creamy Concealer - Dark Coffee;NARS;concealer;9;10;;https://www.johnlewis.com/nars-radiant-creamy-concealer/dark-coffee/p423638;https://media.johnlewiscontent.com/i/JohnLewis/236497117;£29.50
Audéo Hearing Aid - Champagne;Phonak;hearing aids;1;3;;https://ear.direct/products/phonak-audeo-lumity-90-r?variant=50087260553547;https://ear.direct/cdn/shop/files/PH_Packshot_Audeo_L-R_xReceiver_050-0889-P5.jpg?v=1721036513;€1995.00
Audéo Hearing Aid - Sand Beige;Phonak;hearing aids;3;5;;https://ear.direct/products/phonak-audeo-lumity-90-r?variant=50087260422475;https://ear.direct/cdn/shop/files/PH_Packshot_Audeo_L-R_xReceiver_050-0889-P1_08ce405f-1f9b-45cb-ac45-d27fc8ea6ed2.jpg?v=1721036513;€1995.00
Audéo Hearing Aid - Sandalwood;Phonak;hearing aids;5;7;;https://ear.direct/products/phonak-audeo-lumity-90-r?variant=50087266484555;https://ear.direct/cdn/shop/files/PH_Packshot_Audeo_L-R_xReceiver_050-0889-P3.jpg?v=1721036513;€1995.00
Audéo Hearing Aid - Chestnut;Phonak;hearing aids;8;10;;https://ear.direct/products/phonak-audeo-lumity-90-r?variant=50087260488011;https://ear.direct/cdn/shop/files/PH_Packshot_Audeo_L-R_xReceiver_050-0889-P4.jpg?v=1721036513;€1995.00
20 Denier Semi-Matt Tights - Café au Lait;Nubian Skin;hosiery;5;5;;https://www.nubianskin.com/products/20-denier-semi-matt-tights?variant=46559907545375;https://cdn.shopify.com/s/files/1/1840/1469/files/20-denier-semi-matt-tights-hosiery-nubian-skin-cafe-au-lait-s-884808.jpg;€13.95
20 Denier Semi-Matt Tights - Caramel;Nubian Skin;hosiery;6;6;;https://www.nubianskin.com/products/20-denier-semi-matt-tights?variant=46559907414303;https://cdn.shopify.com/s/files/1/1840/1469/files/20-denier-semi-matt-tights-hosiery-nubian-skin-caramel-s-537158.jpg;€13.95
20 Denier Semi-Matt Tights - Cinnamon;Nubian Skin;hosiery;7;8;;https://www.nubianskin.com/products/20-denier-semi-matt-tights?variant=46559907283231;https://cdn.shopify.com/s/files/1/1840/1469/files/20-denier-semi-matt-tights-hosiery-nubian-skin-cinnamon-s-465152.jpg;€13.95
20 Denier Semi-Matt Tights - Berry;Nubian Skin;hosiery;9;10;;https://www.nubianskin.com/products/20-denier-semi-matt-tights?variant=46559907152159;https://cdn.shopify.com/s/files/1/1840/1469/files/20-denier-semi-matt-tights-hosiery-nubian-skin-berry-s-872461.jpg;€13.95
Naked Bra - Café au Lait;Nubian Skin;underwear;5;5;;https://www.nubianskin.com/products/naked-bra?variant=51223298474271;https://cdn.shopify.com/s/files/1/1840/1469/files/Naked_Bra_Cafe.png;€82.95
Naked Bra - Caramel;Nubian Skin;underwear;6;6;;https://www.nubianskin.com/products/naked-bra?variant=51223297917215;https://cdn.shopify.com/s/files/1/1840/1469/files/Naked_T-Shirt_Bra_and_High_Waist_Brief_in_Caramel_copy.jpg;€82.95
Naked Bra - Cinnamon;Nubian Skin;underwear;7;8;;https://www.nubianskin.com/products/naked-bra;https://cdn.shopify.com/s/files/1/1840/1469/files/Naked_T-Shirt_Bra_and_G-String_in_Cinnamon_front.jpg;€82.95
Naked Bra - Berry;Nubian Skin;underwear;9;10;;https://www.nubianskin.com/products/naked-bra;https://cdn.shopify.com/s/files/1/1840/1469/files/Naked_T-Shirt_Bra_Berry_with_G-String_copy.jpg;€82.95
mediven sheer & soft Compression Stockings - Natural;medi;compression wear;4;6;;https://www.walmart.com/ip/165859198;https://i5.walmartimages.com/seo/mediven-sheer-soft-for-Women-20-30-mmHg-Calf-High-Closed-Toe-Compression-Stockings-Toffee-III-Standard_7515fe3e-87b5-4bfa-aa4c-ff5f28e80bbe.e2148a30ed76d6a05a6b0388262af915.jpeg?odnHeight=573&odnWidth=573&odnBg=FFFFFF;$68.78
mediven sheer & soft Compression Stockings - Wheat;medi;compression wear;1;3;;https://www.walmart.com/ip/135230482;https://i5.walmartimages.com/seo/mediven-sheer-soft-for-Women-20-30-mmHg-Calf-High-Closed-Toe-Compression-Stockings-Wheat-II-Petite_48fc7200-d5ce-468e-8840-19a57627a7c2.a96d6b6004c0e84310d45defe60c0532.jpeg?odnHeight=573&odnWidth=573&odnBg=FFFFFF;$68.78
mediven sheer & soft Compression Stockings - Toffee;medi;compression wear;5;7;;https://www.walmart.com/ip/mediven-sheer-soft-for-Women-20-30-mmHg-Calf-High-Closed-Toe-Compression-Stockings-Toffee-III-Standard/165859198;https://i5.walmartimages.com/seo/mediven-sheer-soft-for-Women-20-30-mmHg-Calf-High-Closed-Toe-Compression-Stockings-Toffee-III-Standard_7515fe3e-87b5-4bfa-aa4c-ff5f28e80bbe.e2148a30ed76d6a05a6b0388262af915.jpeg;$68.78
Waterproof Liquid Bandage;Eco Bandage;bandages;1;4;latex-free, dye-free;https://ecobandage.com/products/waterproof-liquid-bandage-sand;https://ecobandage.com/cdn/shop/files/Sand_-_New_26_-_Transparent-3.png?v=1781901412&width=2560;$10.00
Waterproof Liquid Bandage;Eco Bandage;bandages;8;10;latex-free, dye-free;https://ecobandage.com/products/waterproof-liquid-bandage-mocha;https://ecobandage.com/cdn/shop/files/Mocha_-_New_2026_-_Transparent.png?v=1781901763&width=2560;$10.00
Waterproof Liquid Bandage;Eco Bandage;bandages;5;7;latex-free, dye-free;https://ecobandage.com/products/waterproof-liquid-bandage-honey;https://ecobandage.com/cdn/shop/files/Honey_-_New_2026_-_Transparent.png?v=1781901763&width=2560;$10.00
Hautton;Printworks;Art supplies;1;10;;https://printworksmarket.com/de/products/12-colour-pencils-skin-tone;https://printworksmarket.com/cdn/shop/files/Printworks_pencils_skin-tone_06329912-e723-4509-888b-6bd1688e49c4.jpg?v=1764758428&2600x;€20.00
Hautfarben Buntstifte;Jolly;Art supplies;1;10;;https://www.betzold.de/prod/E_773149/?varid=773149&utm_source=google&utm_medium=cpc&utm_campaign=PMax_google_betzold_DE_Kreatives-Gestalten-und-Basteln&utm_term=&utm_content=&utm_id=22283979084&gad_source=1&gad_campaignid=22290655163&gbraid=0AAAAAD_kXTfnEoG1IKl9wU9wvW72Pk0KE&gclid=CjwKCAjwrP3VBhBbEiwAnaqpQ6X-iC-qdytEEnpZddJX6SkQpEO_X_-52AA7nVU2TQLBNveP1jSv5RoCxHMQAvD_BwE;https://static.betzold.de/images/prod/E_773149/JOLLY-Hautfarben-Buntstifte-X-BIG-144-Stueck-im-Holzaufsteller-E_773149_a-ZD.jpg;€194.98
Hautfarben Wachmaler;Hautfarben;Art supplies;1;10;;https://hautfarben.org/products/hautfarben-wachsmalstifte;https://hautfarben.org/cdn/shop/files/Dicke-Wachsmalstifte-in-hautfarben-fuer-kinder.png?v=1726136974&width=1800;
Hautfarben Buntstifte;Hautfarben;Art supplies;1;10;;https://hautfarben.org/products/hautfarben-buntstifte;https://hautfarben.org/cdn/shop/files/hautfarben-buntstifte-fuer-kinder.jpg?v=1763144240&width=1800;€13.90
Hautfarben Buntstifte;Hautfarben;Art supplies;1;10;;https://hautfarben.org/products/hautfarben-riesenbuntstifte;https://hautfarben.org/cdn/shop/files/riesenbuntstifte-hautfarben-deutscher-nachhaltigkeitspreis.jpg?v=1739328797&width=1800;€16.90
Skin Tone Crayons;Hautfarben;Art supplies;1;10;;https://hautfarben.org/products/skin-tones-crayons;https://hautfarben.org/cdn/shop/files/Wachsmaler_EN_Main_01.png?v=1717680441&width=1800;€11.90
CC Cream SPF 30 - Fair;Kess Berlin;tinted sunscreen;1;2;non-comedogenic;https://www.kessberlin.de/products/cc-cream-spf-30?variant=45114854080777;https://www.kessberlin.de/cdn/shop/files/CCCream_Fair_Product_21e22878-e79c-4c04-88f2-597d042a0578.jpg?v=1765813001&width=1946;€37.00
CC Cream SPF 30 - Light;Kess Berlin;tinted sunscreen;2;3;non-comedogenic;https://www.kessberlin.de/products/cc-cream-spf-30?variant=40131691315247;https://www.kessberlin.de/cdn/shop/files/CC_Cream_Light.jpg?v=1774882106&width=1946;€37.00
CC Cream SPF 30 - Medium;Kess Berlin;tinted sunscreen;4;5;non-comedogenic;https://www.kessberlin.de/products/cc-cream-spf-30?variant=40131691348015;https://www.kessberlin.de/cdn/shop/files/CC_Cream_Medium_c92ef7b1-97d3-4046-a6e0-8859f576e9c1.jpg?v=1774882106&width=1946;€37.00
CC Cream SPF 30 - Tan;Kess Berlin;tinted sunscreen;6;7;non-comedogenic;https://www.kessberlin.de/products/cc-cream-spf-30?variant=40131691380783;https://www.kessberlin.de/cdn/shop/files/CC_Cream_Tan.jpg?v=1774884057&width=1946;€37.00
CC Cream SPF 30 - Deep;Kess Berlin;tinted sunscreen;8;9;non-comedogenic;https://www.kessberlin.de/products/cc-cream-spf-30?variant=45114854637833;https://www.kessberlin.de/cdn/shop/files/CCCream_Deep_Product_a29fe128-8308-4f9f-9110-f9e87eee60b6.jpg?v=1765813001&width=1946;€37.00
Ultimate Strapless Push-Up Bra - Sand;SKIMS;underwear;1;2;;https://skims.com/en-de/products/skims-ultimate-strapless-push-up-bra-sand;https://cdn.shopify.com/s/files/1/0259/5448/4284/files/SKIMS-BRA-BA-BAN-3208-SND_1.jpg?v=1752526915;€82.00
Ultimate Strapless Push-Up Bra - Clay;SKIMS;underwear;3;4;;https://skims.com/en-de/products/skims-ultimate-strapless-push-up-bra-clay;https://cdn.shopify.com/s/files/1/0259/5448/4284/files/SKIMS-BRA-BA-BAN-3208-CLY_1.jpg?v=1752527526;€82.00
Ultimate Strapless Push-Up Bra - Sienna;SKIMS;underwear;5;6;;https://skims.com/en-de/products/skims-ultimate-strapless-push-up-bra-sienna;https://cdn.shopify.com/s/files/1/0259/5448/4284/files/SKIMS-BRA-BA-BAN-3208-SIE_1.jpg?v=1749833700;€82.00
Ultimate Strapless Push-Up Bra - Jasper;SKIMS;underwear;7;8;;https://skims.com/en-de/products/skims-ultimate-strapless-push-up-bra-jasper;https://cdn.shopify.com/s/files/1/0259/5448/4284/files/SKIMS-BRA-BA-BAN-3208-JSP.jpg?v=1714671360;€82.00
Ultimate Strapless Push-Up Bra - Cocoa;SKIMS;underwear;9;10;;https://skims.com/en-de/products/skims-ultimate-strapless-push-up-bra-cocoa;https://cdn.shopify.com/s/files/1/0259/5448/4284/files/SKIMS-BRA-BA-BAN-3208-COA_1.jpg?v=1714671464;€82.00
Concealer Stick SPF 20 - Fair 1;Kess Berlin;concealer;1;1;non-comedogenic, dermatologically tested, mineral filters only, fragrance-free;https://www.kessberlin.de/products/concealer-stick-spf-20?variant=55809733296393;https://www.kessberlin.de/cdn/shop/files/16_a6a782f9-6b70-4c07-94c1-4ec0b7ad82b5.jpg?v=1774876675&width=1946;€28.00
Concealer Stick SPF 20 - Fair 2;Kess Berlin;concealer;1;2;non-comedogenic, dermatologically tested, mineral filters only, fragrance-free;https://www.kessberlin.de/products/concealer-stick-spf-20?variant=55809733329161;https://www.kessberlin.de/cdn/shop/files/17_c536ec04-13c0-476f-a0c1-82c3a63288de.jpg?v=1774876675&width=1946;€28.00
Concealer Stick SPF 20 - Fair to Light;Kess Berlin;concealer;2;2;non-comedogenic, dermatologically tested, mineral filters only, fragrance-free;https://www.kessberlin.de/products/concealer-stick-spf-20?variant=55809733361929;https://www.kessberlin.de/cdn/shop/files/18_f047001b-e09b-4e92-af1c-6625c9221cc3.jpg?v=1774876675&width=1946;€28.00
Concealer Stick SPF 20 - Light 1;Kess Berlin;concealer;2;3;non-comedogenic, dermatologically tested, mineral filters only, fragrance-free;https://www.kessberlin.de/products/concealer-stick-spf-20?variant=55809733394697;https://www.kessberlin.de/cdn/shop/files/CONCEALER_LAUNCH_WEBSITE_6.jpg?v=1757944515&width=1946;€28.00
Concealer Stick SPF 20 - Light 2;Kess Berlin;concealer;3;3;non-comedogenic, dermatologically tested, mineral filters only, fragrance-free;https://www.kessberlin.de/products/concealer-stick-spf-20?variant=55809733427465;https://www.kessberlin.de/cdn/shop/files/20_c17971cf-b265-4906-8b3c-9f3191f6ce6e.jpg?v=1774876675&width=1946;€28.00
Concealer Stick SPF 20 - Light to Medium;Kess Berlin;concealer;3;4;non-comedogenic, dermatologically tested, mineral filters only, fragrance-free;https://www.kessberlin.de/products/concealer-stick-spf-20?variant=55809733427465;https://www.kessberlin.de/cdn/shop/files/21_12b7fbd5-9e7d-46a3-adcf-4dbbaeeceb40.jpg?v=1774876675&width=1946;€28.00
Concealer Stick SPF 20 - Medium 1;Kess Berlin;concealer;4;4;non-comedogenic, dermatologically tested, mineral filters only, fragrance-free;https://www.kessberlin.de/products/concealer-stick-spf-20?variant=55809733493001;https://www.kessberlin.de/cdn/shop/files/22_047d82a3-0be0-4b0f-a290-0816e58be9e8.jpg?v=1774876675&width=1946;€28.00
Concealer Stick SPF 20 - Medium 2;Kess Berlin;concealer;4;5;non-comedogenic, dermatologically tested, mineral filters only, fragrance-free;https://www.kessberlin.de/products/concealer-stick-spf-20?variant=55809733525769;https://www.kessberlin.de/cdn/shop/files/23_98b9e2e2-d879-488a-bb12-b795e2744884.jpg?v=1774876675&width=1946;€28.00
Concealer Stick SPF 20 - Medium to Tan;Kess Berlin;concealer;5;5;non-comedogenic, dermatologically tested, mineral filters only, fragrance-free;https://www.kessberlin.de/products/concealer-stick-spf-20?variant=55809733558537;https://www.kessberlin.de/cdn/shop/files/24_d300edd4-7b97-484c-8ecd-34063b15158b.jpg?v=1774876675&width=1946;€28.00
Concealer Stick SPF 20 - Tan 1;Kess Berlin;concealer;5;6;non-comedogenic, dermatologically tested, mineral filters only, fragrance-free;https://www.kessberlin.de/products/concealer-stick-spf-20?variant=55809733591305;https://www.kessberlin.de/cdn/shop/files/25_b374c075-6cfb-43ee-91ba-d92ed04f6fd7.jpg?v=1774876675&width=1946;€28.00
Concealer Stick SPF 20 - Tan 2;Kess Berlin;concealer;6;7;non-comedogenic, dermatologically tested, mineral filters only, fragrance-free;https://www.kessberlin.de/products/concealer-stick-spf-20?variant=55809733624073;https://www.kessberlin.de/cdn/shop/files/26_d44b9ada-28cb-41d7-b7aa-a87e66e6310f.jpg?v=1774876675&width=1946;€28.00
Concealer Stick SPF 20 - Deep 1;Kess Berlin;concealer;7;8;non-comedogenic, dermatologically tested, mineral filters only, fragrance-free;https://www.kessberlin.de/products/concealer-stick-spf-20?variant=55809733656841;https://www.kessberlin.de/cdn/shop/files/27.jpg?v=1774876675&width=1946;€28.00
Concealer Stick SPF 20 - Deep 2;Kess Berlin;concealer;8;9;non-comedogenic, dermatologically tested, mineral filters only, fragrance-free;https://www.kessberlin.de/products/concealer-stick-spf-20?variant=55809733689609;https://www.kessberlin.de/cdn/shop/files/28_3d844b83-79a5-4c2d-95f4-7f4ec3cfa2c8.jpg?v=1774876675&width=1946;€28.00
Secret Ultra Low-cut No Show Socks - Cream;Sheec;hosiery;1;3;;https://sheecsocks.com/products/s03-secret-ultra-low-cut;https://sheecsocks.com/cdn/shop/files/Secret-UltraLow-Cream-Flatlay.jpg?v=1775828020;$16.00
Secret Ultra Low-cut No Show Socks - Tan;Sheec;hosiery;4;6;;https://sheecsocks.com/products/s06-secret-ultra-low-cut;https://sheecsocks.com/cdn/shop/files/Secret-UltraLow-Tan-Flatlay.jpg?v=1775827934;$16.00
Secret Ultra Low-cut No Show Socks - Brown;Sheec;hosiery;7;9;;https://sheecsocks.com/products/s09-secret-ultra-low-cut;https://sheecsocks.com/cdn/shop/files/Secret-UltraLow-Brown-Flatlay.jpg?v=1775828196;$16.00
Secret Low-cut No Show Socks - Cream;Sheec;hosiery;1;3;;https://sheecsocks.com/products/s03-secret-low-cut;https://sheecsocks.com/cdn/shop/files/Secret-Low-Cream-Flatlay.jpg?v=1775827589;$16.00
Secret Low-cut No Show Socks - Tan;Sheec;hosiery;4;6;;https://sheecsocks.com/products/s06-secret-low-cut;https://sheecsocks.com/cdn/shop/files/Secret-Low-Tan-Flatlay.jpg?v=1775827599;$16.00
Secret Low-cut No Show Socks - Brown;Sheec;hosiery;7;9;;https://sheecsocks.com/products/s09-secret-low-cut;https://sheecsocks.com/cdn/shop/files/Secret-Low-Brown-Flatlay.jpg?v=1775827609;$16.00
Secret Mid-cut No Show Socks - Cream;Sheec;hosiery;1;3;;https://sheecsocks.com/products/s03-secret-mid-cut;https://sheecsocks.com/cdn/shop/files/Secret-Mid-Cream-Flatlay.jpg?v=1775827375;$16.00
Secret Mid-cut No Show Socks - Tan;Sheec;hosiery;4;6;;https://sheecsocks.com/products/s06-secret-mid-cut;https://sheecsocks.com/cdn/shop/files/Secret-Mid-Tan-Flatlay.jpg?v=1775827348;$16.00
Secret Mid-cut No Show Socks - Brown;Sheec;hosiery;7;9;;https://sheecsocks.com/products/s09-secret-mid-cut;https://sheecsocks.com/cdn/shop/files/Secret-Mid-Brown-Flatlay.jpg?v=1775827359;$16.00
Secret High-cut No Show Socks - Cream;Sheec;hosiery;1;3;;https://sheecsocks.com/products/secret-high-cut-ultra-thin-invisilite-liner-no-show-socks-s03;https://sheecsocks.com/cdn/shop/files/Secret-High-Cream-Flatlay.jpg?v=1775826921;$16.00
Secret High-cut No Show Socks - Tan;Sheec;hosiery;4;6;;https://sheecsocks.com/products/secret-high-cut-ultra-thin-invisilite-liner-no-show-socks-s06;https://sheecsocks.com/cdn/shop/files/Secret-High-Tan-Flatlay.jpg?v=1775827046;$16.00
Secret High-cut No Show Socks - Brown;Sheec;hosiery;7;9;;https://sheecsocks.com/products/secret-high-cut-ultra-thin-invisilite-liner-no-show-socks-s09;https://sheecsocks.com/cdn/shop/files/Secret-High-Brown-Flatlay.jpg?v=1775826940;$13.00
